Workbook

Sheet Filtered Data
A1: Player | B1: 2025 Salary | C1: Years in the league | D1: 2025 Status | E1: 2025 Signing | F1: G | G1: MIN | H1: PER | I1: PER*Min | J1: WS | K1: Off WS | L1: Def WS | M1: WS/40 | N1: Off WS/40 | O1: Def WS/40 | P1: Player Off Rtg | Q1: Player Def Rtg
A2: Kelsey Mitchell | B2: 269244 | C2: 8 | D2: Supermax | E2: Core | F2: 44 | G2: 1381 | H2: 20 | I2: 27655 | J2: 5.6 | K2: 4.8 | L2: 0.8 | M2: 0.16 | N2: 0.14 | O2: 0.02 | P2: 114 | Q2: 105.4
A3: Arike Ogunbowale | B3: 249032 | C3: 7 | D3: Standard Max | E3: -- | F3: 29 | G3: 966 | H3: 13.3 | I3: 12825 | J3: 1.3 | K3: 1.3 | L3: 0 | M3: 0.05 | N3: 0.05 | O3: 0 | P3: 101.8 | Q3: 110
A4: Jewell Loyd | B4: 249032 | C4: 11 | D4: Standard Max | E4: Core | F4: 44 | G4: 1245 | H4: 13.4 | I4: 16739 | J4: 2.9 | K4: 2 | L4: 1 | M4: 0.09 | N4: 0.06 | O4: 0.03 | P4: 106.5 | Q4: 104
A5: Kahleah Copper | B5: 248134 | C5: 10 | D5: Standard Max | E5: Core | F5: 28 | G5: 752 | H5: 14.7 | I5: 11094 | J5: 1.5 | K5: 0.8 | L5: 0.8 | M5: 0.08 | N5: 0.04 | O5: 0.04 | P5: 98.4 | Q5: 101.8
A6: Gabby Williams | B6: 225000 | C6: 8 | D6: Standard Max | E6: Core | F6: 44 | G6: 1391 | H6: 15.6 | I6: 21728 | J6: 3.5 | K6: 1.3 | L6: 2.2 | M6: 0.1 | N6: 0.04 | O6: 0.06 | P6: 99.6 | Q6: 97.3
A7: Ariel Atkins | B7: 223000 | C7: 8 | D7: Standard Max | E7: -- | F7: 34 | G7: 970 | H7: 16 | I7: 15499 | J7: 2 | K7: 1.5 | L7: 0.4 | M7: 0.08 | N7: 0.06 | O7: 0.02 | P7: 103.6 | Q7: 106.5
A8: Breanna Stewart | B8: 222400 | C8: 10 | D8: Standard Max | E8: Core | F8: 31 | G8: 948 | H8: 23.7 | I8: 22486 | J8: 4.7 | K8: 3.2 | L8: 1.5 | M8: 0.2 | N8: 0.13 | O8: 0.07 | P8: 112.6 | Q8: 97.3
A9: Sabrina Ionescu | B9: 222060 | C9: 6 | D9: Standard Max | E9: Rookie | F9: 38 | G9: 1194 | H9: 20.6 | I9: 24600 | J9: 4.5 | K9: 3.2 | L9: 1.3 | M9: 0.15 | N9: 0.11 | O9: 0.04 | P9: 107 | Q9: 101.3
A10: Alyssa Thomas | B10: 215000 | C10: 12 | D10: Standard Max | E10: Core | F10: 39 | G10: 1221 | H10: 25.1 | I10: 30588 | J10: 6.6 | K10: 4.4 | L10: 2.2 | M10: 0.22 | N10: 0.14 | O10: 0.07 | P10: 113.5 | Q10: 95.7
A11: Satou Sabally | B11: 215000 | C11: 6 | D11: Standard Max | E11: Core | F11: 39 | G11: 1039 | H11: 19.6 | I11: 20393 | J11: 4 | K11: 2.4 | L11: 1.6 | M11: 0.15 | N11: 0.09 | O11: 0.06 | P11: 105.5 | Q11: 98.1
A12: Brionna Jones | B12: 214466 | C12: 9 | D12: Standard Max | E12: UFA | F12: 44 | G12: 1169 | H12: 22.4 | I12: 26216 | J12: 6.3 | K12: 4.2 | L12: 2.1 | M12: 0.22 | N12: 0.14 | O12: 0.07 | P12: 119.1 | Q12: 95.9
A13: Brittney Griner | B13: 214466 | C13: 13 | D13: Standard Max | E13: UFA | F13: 39 | G13: 810 | H13: 16.2 | I13: 13154 | J13: 2.4 | K13: 1.1 | L13: 1.4 | M13: 0.12 | N13: 0.05 | O13: 0.07 | P13: 102.1 | Q13: 96.6
... A40: Jackie Young | B40: 169950 | C40: 7 | D40: Mid-tier Veteran | E40: -- | F40: 44 | G40: 1336 | H40: 22.1 | I40: 29572 | J40: 6.3 | K40: 5 | L40: 1.3 | M40: 0.19 | N40: 0.15 | O40: 0.04 | P40: 116.9 | Q40: 102.5
A41: Stephanie Talbot | B41: =125000+35110 -> 160110 | C41: 8 | D41: Mid-tier Veteran | E41: UFA | F41: 38 | G41: 541 | H41: 9.1 | I41: 4920 | J41: 0.7 | K41: 0.1 | L41: 0.6 | M41: 0.05 | N41: 0.01 | O41: 0.04 | P41: 94.5 | Q41: 101.4
A42: Rebecca Allen | B42: 160000 | C42: 10 | D42: Mid-tier Veteran | E42: UFA | F42: 44 | G42: 821 | H42: 7.9 | I42: 6497 | J42: 0 | K42: -0.1 | L42: 0.2 | M42: 0 | N42: -0.01 | O42: 0.01 | P42: 90.2 | Q42: 108.6
A43: Alanna Smith | B43: 150000 | C43: 7 | D43: Mid-tier Veteran | E43: UFA | F43: 42 | G43: 1114 | H43: 18 | I43: 20095 | J43: 4.5 | K43: 2.2 | L43: 2.3 | M43: 0.16 | N43: 0.08 | O43: 0.08 | P43: 110 | Q43: 93.7
A44: Nia Coffey | B44: 150000 | C44: 9 | D44: Mid-tier Veteran | E44: UFA | F44: 44 | G44: 455 | H44: 14.1 | I44: 6402 | J44: 1.4 | K44: 0.6 | L44: 0.8 | M44: 0.12 | N44: 0.05 | O44: 0.07 | P44: 102.7 | Q44: 96.4
A45: Shatori Walker-Kimbrough | B45: 150000 | C45: 10 | D45: Mid-tier Veteran | E45: UFA | F45: 41 | G45: 354 | H45: 7.8 | I45: 2759 | J45: 0.6 | K45: 0.1 | L45: 0.5 | M45: 0.07 | N45: 0.01 | O45: 0.06 | P45: 97.5 | Q45: 99
A46: Moriah Jefferson | B46: 145500 | C46: 10 | D46: Mid-tier Veteran | E46: UFA | F46: 5 | G46: 35 | H46: 9.3 | I46: 327000 | J46: 0 | K46: 0 | L46: 0 | M46: 0.03 | N46: 0.04 | O46: -0.01 | P46: 104.7 | Q46: 112
A47: Kia Nurse | B47: 145000 | C47: 8 | D47: Mid-tier Veteran | E47: UFA | F47: 44 | G47: 962 | H47: 7.3 | I47: 7004 | J47: 0 | K47: 0.3 | L47: -0.3 | M47: 0 | N47: 0.01 | O47: -0.01 | P47: 95.2 | Q47: 112.5
A48: Rae Burrell | B48: 137500 | C48: 5 | D48: Mid-tier Veteran | E48: UFA | F48: 28 | G48: 515 | H48: 13 | I48: 6719 | J48: 0.7 | K48: 0.7 | L48: 0 | M48: 0.06 | N48: 0.06 | O48: 0 | P48: 104.5 | Q48: 110.1
A49: DeWanna Bonner | B49: =72269+63721 -> 135990 | C49: 17 | D49: Veteran Minimum | E49: UFA | F49: 33 | G49: 778 | H49: 15.2 | I49: 11865 | J49: 2.6 | K49: 1.6 | L49: 1 | M49: 0.13 | N49: 0.08 | O49: 0.05 | P49: 111.1 | Q49: 100.2
A50: Natisha Hiedeman | B50: 135000 | C50: 7 | D50: Mid-tier Veteran | E50: UFA | F50: 44 | G50: 833 | H50: 18.1 | I50: 15031 | J50: 3.4 | K50: 2.4 | L50: 1.1 | M50: 0.16 | N50: 0.11 | O50: 0.05 | P50: 114 | Q50: 100.1
A51: Kayla Thornton | B51: 132000 | C51: 10 | D51: Mid-tier Veteran | E51: -- | F51: 22 | G51: 662 | H51: 15.1 | I51: 10006 | J51: 1.9 | K51: 0.8 | L51: 1.1 | M51: 0.11 | N51: 0.05 | O51: 0.07 | P51: 100.5 | Q51: 97
A52: Kalani Brown | B52: 128750 | C52: 7 | D52: Mid-tier Veteran | E52: UFA | F52: 29 | G52: 370 | H52: 18.6 | I52: 6903 | J52: 1.6 | K52: 1 | L52: 0.6 | M52: 0.17 | N52: 0.11 | O52: 0.06 | P52: 119 | Q52: 97.5
A53: Bridget Carleton | B53: 125000 | C53: 7 | D53: Mid-tier Veteran | E53: UFA | F53: 44 | G53: 1227 | H53: 10 | I53: 12270 | J53: 3.2 | K53: 1.7 | L53: 1.5 | M53: 0.1 | N53: 0.06 | O53: 0.05 | P53: 112.2 | Q53: 100.7
A54: Michaela Onyenwere | B54: 125000 | C54: 5 | D54: Mid-tier Veteran | E54: RFA | F54: 42 | G54: 711 | H54: 8 | I54: 5654 | J54: 0 | K54: 0.2 | L54: -0.2 | M54: 0 | N54: 0.01 | O54: -0.01 | P54: 94.3 | Q54: 111.8
A55: Sami Whitcomb | B55: 125000 | C55: 9 | D55: Mid-tier Veteran | E55: UFA | F55: 43 | G55: 1027 | H55: 11.5 | I55: 11850 | J55: 2.1 | K55: 1.1 | L55: 1 | M55: 0.08 | N55: 0.04 | O55: 0.04 | P55: 101.7 | Q55: 102.7
A56: Karlie Samuelson | B56: 118450 | C56: 9 | D56: Mid-tier Veteran | E56: UFA | F56: 16 | G56: 228 | H56: 6.7 | I56: 1526 | J56: 0.5 | K56: 0.2 | L56: 0.3 | M56: 0.09 | N56: 0.04 | O56: 0.05 | P56: 104.4 | Q56: 100
A57: Emma Cannon | B57: 116331 | C57: 5 | D57: Mid-tier Veteran | E57: UFA | F57: 21 | G57: 213 | H57: 13.6 | I57: 2893 | J57: 0.4 | K57: 0.4 | L57: 0.1 | M57: 0.08 | N57: 0.07 | O57: 0.01 | P57: 107.5 | Q57: 107.4
A58: Natasha Mack | B58: 116079 | C58: 5 | D58: Mid-tier Veteran | E58: Reserved | F58: 34 | G58: 623 | H58: 19.1 | I58: 11920 | J58: 2.8 | K58: 1.5 | L58: 1.3 | M58: 0.18 | N58: 0.1 | O58: 0.09 | P58: 124.8 | Q58: 93.3
A59: Monique Billings | B59: 110000 | C59: 8 | D59: Mid-tier Veteran | E59: UFA | F59: 26 | G59: 474 | H59: 16.7 | I59: 7916 | J59: 1.7 | K59: 0.8 | L59: 0.8 | M59: 0.14 | N59: 0.07 | O59: 0.07 | P59: 107.7 | Q59: 96.2
A60: Veronica Burton | B60: 103831 | C60: 4 | D60: Mid-tier Veteran | E60: UFA | F60: 44 | G60: 1292 | H60: 19 | I60: 24566 | J60: 6.1 | K60: 4.3 | L60: 1.8 | M60: 0.19 | N60: 0.13 | O60: 0.06 | P60: 117.1 | Q60: 99.1
A61: Kiah Stokes | B61: 103000 | C61: 10 | D61: Mid-tier Veteran | E61: UFA | F61: 40 | G61: 514 | H61: 7 | I61: 3587 | J61: 0.7 | K61: 0 | L61: 0.7 | M61: 0.06 | N61: 0 | O61: 0.06 | P61: 91.8 | Q61: 98.9
... A70: Sug Sutton | B70: 93831 | C70: 4 | D70: Mid-tier Veteran | E70: Reserved | F70: 43 | G70: 1122 | H70: 9.8 | I70: 11051 | J70: 1.1 | K70: 0.5 | L70: 0.6 | M70: 0.04 | N70: 0.02 | O70: 0.02 | P70: 96.5 | Q70: 106.1
A71: Yvonne Anderson | B71: =85000+7774 -> 92774 | C71: 12 | D71: Mid-tier Veteran | E71: UFA | F71: 1 | G71: 12 | H71: 1.1 | I71: 13000 | J71: 0 | K71: 0 | L71: 0 | M71: 0.01 | N71: -0.11 | O71: 0.12 | P71: 50.2 | Q71: 86.5
A72: NaLyssa Smith | B72: 91981 | C72: 4 | D72: Rookie Scale | E72: Rookie | F72: 45 | G72: 956 | H72: 13.2 | I72: 12601 | J72: 2.3 | K72: 1.3 | L72: 0.9 | M72: 0.09 | N72: 0.06 | O72: 0.04 | P72: 105.6 | Q72: 102.4
A73: Rhyne Howard | B73: 91981 | C73: 4 | D73: Rookie Scale | E73: Rookie | F73: 33 | G73: 1151 | H73: 18.2 | I73: 20907 | J73: 4.9 | K73: 3.1 | L73: 1.8 | M73: 0.17 | N73: 0.11 | O73: 0.06 | P73: 111 | Q73: 97.6
A74: Shakira Austin | B74: 91981 | C74: 4 | D74: Rookie Scale | E74: Rookie | F74: 38 | G74: 874 | H74: 18.5 | I74: 16164 | J74: 1.6 | K74: 0.2 | L74: 1.5 | M74: 0.07 | N74: 0.01 | O74: 0.07 | P74: 92.9 | Q74: 96.8
A75: Lindsay Allen | B75: 90000 | C75: 8 | D75: Mid-tier Veteran | E75: UFA | F75: 31 | G75: 450 | H75: 6.6 | I75: 2960 | J75: -0.1 | K75: 0 | L75: -0.1 | M75: -0.01 | N75: 0 | O75: -0.01 | P75: 92.7 | Q75: 112.6
A76: Sydney Colson | B76: 90000 | C76: 15 | D76: Mid-tier Veteran | E76: UFA | F76: 30 | G76: 404 | H76: 5.9 | I76: 2365 | J76: 0.1 | K76: -0.2 | L76: 0.3 | M76: 0.01 | N76: -0.02 | O76: 0.03 | P76: 86.5 | Q76: 103.8
A77: Temi Fágbénlé | B77: 90000 | C77: 8 | D77: Mid-tier Veteran | E77: Reserved | F77: 39 | G77: 925 | H77: 12.8 | I77: 11845 | J77: 2.4 | K77: 1 | L77: 1.3 | M77: 0.1 | N77: 0.04 | O77: 0.06 | P77: 102.9 | Q77: 98.5
A78: Dana Evans | B78: 89000 | C78: 5 | D78: Mid-tier Veteran | E78: RFA | F78: 44 | G78: 777 | H78: 11 | I78: 8551 | J78: 1.1 | K78: 0.9 | L78: 0.3 | M78: 0.06 | N78: 0.04 | O78: 0.01 | P78: 101.2 | Q78: 107.2
A79: Lexie Hull | B79: 88261 | C79: 4 | D79: Rookie Scale | E79: Rookie | F79: 44 | G79: 1189 | H79: 10.4 | I79: 12374 | J79: 2.7 | K79: 1.4 | L79: 1.2 | M79: 0.09 | N79: 0.05 | O79: 0.04 | P79: 106.4 | Q79: 101.7
A80: Brianna Turner | B80: 85000 | C80: 7 | D80: Mid-tier Veteran | E80: UFA | F80: 27 | G80: 233 | H80: 7.4 | I80: 1721 | J80: 0.3 | K80: 0.1 | L80: 0.2 | M80: 0.06 | N80: 0.02 | O80: 0.04 | P80: 100.3 | Q80: 102.9
A81: Julie Allemand | B81: 85000 | C81: 6 | D81: Special / Short-term | E81: SuspCE | F81: 34 | G81: 963 | H81: 11.4 | I81: 10962 | J81: 1.6 | K81: 1.3 | L81: 0.3 | M81: 0.07 | N81: 0.05 | O81: 0.01 | P81: 110.3 | Q81: 107.8
A82: Jaylyn Sherrod | B82: =66079+18880 -> 84959 | C82: 3 | D82: Rookie Scale | E82: Reserved | F82: 26 | G82: 142 | H82: 5.4 | I82: 774000 | J82: 0.1 | K82: -0.1 | L82: 0.2 | M82: 0.01 | N82: -0.04 | O82: 0.06 | P82: 80.7 | Q82: 99.1
A83: Kierstan Bell | B83: 84543 | C83: 4 | D83: Rookie Scale | E83: Rookie | F83: 35 | G83: 427 | H83: 10.5 | I83: 4487 | J83: 0.5 | K83: 0.1 | L83: 0.4 | M83: 0.05 | N83: 0.01 | O83: 0.03 | P83: 94.9 | Q83: 103.3
A84: Aliyah Boston | B84: 83371 | C84: 3 | D84: Rookie Scale | E84: Rookie | F84: 44 | G84: 1327 | H84: 22.5 | I84: 29890 | J84: 6.7 | K84: 4.7 | L84: 2 | M84: 0.2 | N84: 0.14 | O84: 0.06 | P84: 117.9 | Q84: 98.1
A85: Diamond Miller | B85: 83371 | C85: 3 | D85: Mid-tier Veteran | E85: -- | F85: 40 | G85: 434 | H85: 8.5 | I85: 3694 | J85: 0.5 | K85: 0.1 | L85: 0.4 | M85: 0.04 | N85: 0.01 | O85: 0.03 | P85: 94.4 | Q85: 103.5
A86: Maddy Siegrist | B86: 83371 | C86: 3 | D86: Rookie Scale | E86: Rookie | F86: 26 | G86: 702 | H86: 17.2 | I86: 12107 | J86: 1.9 | K86: 1.9 | L86: 0 | M86: 0.11 | N86: 0.11 | O86: 0 | P86: 116.9 | Q86: 110.1
A87: Tiffany Mitchell | B87: =42397+40789 -> 83186 | C87: 10 | D87: Special / Short-term | E87: UFA | F87: 39 | G87: 510 | H87: 6 | I87: 3071 | J87: 0.4 | K87: 0 | L87: 0.4 | M87: 0.03 | N87: 0 | O87: 0.03 | P87: 92.8 | Q87: 104.5
A88: Sika Kone | B88: =66710+15548 -> 82258 | C88: 2 | D88: Rookie Scale | E88: -- | F88: 19 | G88: 85 | H88: 7.1 | I88: 607000 | J88: 0.1 | K88: 0 | L88: 0.1 | M88: 0.06 | N88: 0.02 | O88: 0.04 | P88: 96.4 | Q88: 101.5
A89: Emily Engstler | B89: 81079 | C89: 4 | D89: Mid-tier Veteran | E89: Reserved | F89: 40 | G89: 512 | H89: 14.5 | I89: 7442 | J89: 1.1 | K89: 0.2 | L89: 0.9 | M89: 0.09 | N89: 0.02 | O89: 0.07 | P89: 96.3 | Q89: 96.5
A90: Naz Hillmon | B90: 80823 | C90: 4 | D90: Rookie Scale | E90: Rookie | F90: 44 | G90: 1122 | H90: 15.7 | I90: 17612 | J90: 4.4 | K90: 2.8 | L90: 1.6 | M90: 0.16 | N90: 0.1 | O90: 0.06 | P90: 117.8 | Q90: 98.7
A91: Olivia Nelson-Ododa | B91: 80823 | C91: 4 | D91: Rookie Scale | E91: Rookie | F91: 37 | G91: 800 | H91: 17 | I91: 13628 | J91: 2.1 | K91: 1.6 | L91: 0.5 | M91: 0.1 | N91: 0.08 | O91: 0.02 | P91: 111.4 | Q91: 105.5
A92: Mercedes Russell | B92: 80672 | C92: 8 | D92: Mid-tier Veteran | E92: UFA | F92: 20 | G92: 163 | H92: 9.5 | I92: 1551 | J92: 0.2 | K92: 0.2 | L92: 0 | M92: 0.05 | N92: 0.04 | O92: 0 | P92: 107.2 | Q92: 109.6
A93: Kitija Laksa | B93: 80000 | C93: 7 | D93: Mid-tier Veteran | E93: UFA | F93: 33 | G93: 626 | H93: 7.6 | I93: 4744 | J93: 0.8 | K93: 0.4 | L93: 0.4 | M93: 0.05 | N93: 0.03 | O93: 0.02 | P93: 99.3 | Q93: 105.6
A94: Nyara Sabally | B94: 79999 | C94: 4 | D94: Rookie Scale | E94: Rookie | F94: 17 | G94: 305 | H94: 13.4 | I94: 4098 | J94: 0.8 | K94: 0.4 | L94: 0.4 | M94: 0.11 | N94: 0.05 | O94: 0.06 | P94: 104.3 | Q94: 98.8
A95: Zia Cooke | B95: =66079+13882 -> 79961 | C95: 4 | D95: Veteran Minimum | E95: UFA | F95: 26 | G95: 261 | H95: 5.8 | I95: 1524 | J95: -0.1 | K95: -0.3 | L95: 0.2 | M95: -0.01 | N95: -0.04 | O95: 0.03 | P95: 83.2 | Q95: 103.3
A96: Bria Hartley | B96: 78831 | C96: 12 | D96: Veteran Minimum | E96: UFA | F96: 38 | G96: 867 | H96: 10.7 | I96: 9253 | J96: 0.4 | K96: 0.6 | L96: -0.1 | M96: 0.02 | N96: 0.03 | O96: -0.01 | P96: 97 | Q96: 111.2
A97: Cheyenne Parker-Tyus | B97: 78831 | C97: 10 | D97: Veteran Minimum | E97: UFA | F97: 2 | G97: 14 | H97: 37.6 | I97: 524000 | J97: 0.1 | K97: 0.1 | L97: 0 | M97: 0.26 | N97: 0.27 | O97: -0.01 | P97: 127.7 | Q97: 111.5
A98: Dominique Malonga | B98: 78831 | C98: 2 | D98: Rookie Scale | E98: Rookie | F98: 42 | G98: 600 | H98: 20.1 | I98: 12082 | J98: 2 | K98: 0.9 | L98: 1.1 | M98: 0.13 | N98: 0.06 | O98: 0.07 | P98: 102 | Q98: 96.2
A99: Erica Wheeler | B99: 78831 | C99: 11 | D99: Veteran Minimum | E99: UFA | F99: 44 | G99: 1126 | H99: 13.3 | I99: 15031 | J99: 2.3 | K99: 1 | L99: 1.3 | M99: 0.08 | N99: 0.04 | O99: 0.05 | P99: 99.2 | Q99: 100.9
A100: Isabelle Harrison | B100: 78831 | C100: 11 | D100: Veteran Minimum | E100: UFA | F100: 34 | G100: 360 | H100: 17.3 | I100: 6240 | J100: 1.2 | K100: 0.7 | L100: 0.5 | M100: 0.13 | N100: 0.08 | O100: 0.06 | P100: 105.9 | Q100: 98.5
A101: Jessica Shepard | B101: 78831 | C101: 7 | D101: Special / Short-term | E101: SuspCE | F101: 40 | G101: 835 | H101: 20.9 | I101: 17469 | J101: 4.2 | K101: 2.8 | L101: 1.4 | M101: 0.2 | N101: 0.14 | O101: 0.07 | P101: 121.6 | Q101: 96.8
A102: Kennedy Burke | B102: 78831 | C102: 6 | D102: Veteran Minimum | E102: UFA | F102: 36 | G102: 779 | H102: 13.9 | I102: 10868 | J102: 2.1 | K102: 1.4 | L102: 0.7 | M102: 0.11 | N102: 0.07 | O102: 0.04 | P102: 110.4 | Q102: 103.1
A103: Kiki Iriafen | B103: 78831 | C103: 1 | D103: Rookie Scale | E103: Rookie | F103: 44 | G103: 1185 | H103: 17.3 | I103: 20530 | J103: 3.3 | K103: 2.1 | L103: 1.2 | M103: 0.11 | N103: 0.07 | O103: 0.04 | P103: 103.8 | Q103: 101.9
A104: Paige Bueckers | B104: 78831 | C104: 1 | D104: Rookie Scale | E104: Rookie | F104: 36 | G104: 1199 | H104: 21.9 | I104: 26269 | J104: 4.5 | K104: 4.1 | L104: 0.3 | M104: 0.15 | N104: 0.14 | O104: 0.01 | P104: 115.5 | Q104: 107.8
A105: Sonia Citron | B105: 78831 | C105: 1 | D105: Rookie Scale | E105: Rookie | F105: 44 | G105: 1415 | H105: 16.4 | I105: 23171 | J105: 4.3 | K105: 3 | L105: 1.2 | M105: 0.12 | N105: 0.09 | O105: 0.03 | P105: 110 | Q105: 103.3
A106: Caitlin Clark | B106: 78066 | C106: 2 | D106: Rookie Scale | E106: -- | F106: 13 | G106: 404 | H106: 16.6 | I106: 6710 | J106: 0.8 | K106: 0.2 | L106: 0.6 | M106: 0.08 | N106: 0.02 | O106: 0.06 | P106: 94.3 | Q106: 98.6
A107: Cameron Brink | B107: 78066 | C107: 2 | D107: Rookie Scale | E107: Rookie | F107: 19 | G107: 244 | H107: 15.2 | I107: 3705 | J107: 0.4 | K107: 0.1 | L107: 0.3 | M107: 0.07 | N107: 0.01 | O107: 0.06 | P107: 94.1 | Q107: 98.9
... A109: Rickea Jackson | B109: 78066 | C109: 2 | D109: Rookie Scale | E109: Rookie | F109: 38 | G109: 1173 | H109: 12.5 | I109: 14675 | J109: 0.9 | K109: 1.2 | L109: -0.3 | M109: 0.03 | N109: 0.04 | O109: -0.01 | P109: 99.6 | Q109: 112
A110: Odyssey Sims | B110: =54622+13911+7949 -> 76482 | C110: 11 | D110: Special / Short-term | E110: UFA | F110: 24 | G110: 671 | H110: 12 | I110: 8071 | J110: 1.2 | K110: 1.1 | L110: 0.1 | M110: 0.07 | N110: 0.06 | O110: 0.01 | P110: 106.4 | Q110: 109
A111: Emma Meesseman | B111: 75694 | C111: 13 | D111: Veteran Minimum | E111: UFA | F111: 17 | G111: 440 | H111: 23.6 | I111: 10358 | J111: 2 | K111: 1.4 | L111: 0.6 | M111: 0.18 | N111: 0.13 | O111: 0.05 | P111: 115.1 | Q111: 99.9
A112: Aneesah Morrow | B112: 75643 | C112: 3 | D112: Rookie Scale | E112: Rookie | F112: 41 | G112: 775 | H112: 14.9 | I112: 11528 | J112: 1 | K112: 0.3 | L112: 0.7 | M112: 0.05 | N112: 0.02 | O112: 0.04 | P112: 94.9 | Q112: 103
A113: Saniya Rivers | B113: 75643 | C113: 3 | D113: Rookie Scale | E113: Rookie | F113: 42 | G113: 1097 | H113: 13.6 | I113: 14902 | J113: 1.2 | K113: 0.7 | L113: 0.5 | M113: 0.04 | N113: 0.02 | O113: 0.02 | P113: 97.6 | Q113: 106.6
A114: Aaliyah Edwards | B114: 74909 | C114: 2 | D114: Rookie Scale | E114: Rookie | F114: 36 | G114: 534 | H114: 13 | I114: 6951 | J114: 0.9 | K114: 0.2 | L114: 0.7 | M114: 0.07 | N114: 0.02 | O114: 0.05 | P114: 95.7 | Q114: 100.4
A115: Angel Reese | B115: 74909 | C115: 2 | D115: Rookie Scale | E115: Rookie | F115: 30 | G115: 947 | H115: 19.6 | I115: 18533 | J115: 2.3 | K115: 1.3 | L115: 1 | M115: 0.1 | N115: 0.06 | O115: 0.04 | P115: 100.6 | Q115: 101.9
A116: Jacy Sheldon | B116: 74909 | C116: 2 | D116: Rookie Scale | E116: Rookie | F116: 30 | G116: 708 | H116: 11.8 | I116: 8376 | J116: 1 | K116: 1.1 | L116: -0.1 | M116: 0.06 | N116: 0.06 | O116: 0 | P116: 110.2 | Q116: 110.9
A117: Aziaha James | B117: 72455 | C117: 2 | D117: Rookie Scale | E117: Rookie | F117: 38 | G117: 673 | H117: 12.5 | I117: 8402 | J117: 0.5 | K117: 0.4 | L117: 0.1 | M117: 0.03 | N117: 0.02 | O117: 0.01 | P117: 96.5 | Q117: 109
A118: Carla Leite | B118: 72455 | C118: 3 | D118: Rookie Scale | E118: -- | F118: 37 | G118: 637 | H118: 11.6 | I118: 7394 | J118: 1.1 | K118: 0.5 | L118: 0.7 | M118: 0.07 | N118: 0.03 | O118: 0.04 | P118: 96.9 | Q118: 101.6
A119: Hailey Van Lith | B119: 72455 | C119: 2 | D119: Rookie Scale | E119: Rookie | F119: 29 | G119: 361 | H119: 5.8 | I119: 2085 | J119: -0.5 | K119: -0.5 | L119: 0 | M119: -0.06 | N119: -0.06 | O119: 0 | P119: 80.3 | Q119: 110.4
A120: Leila Lacan | B120: 72455 | C120: 2 | D120: Rookie Scale | E120: -- | F120: 25 | G120: 665 | H120: 15.8 | I120: 10504 | J120: 1.6 | K120: 1 | L120: 0.6 | M120: 0.1 | N120: 0.06 | O120: 0.03 | P120: 105.2 | Q120: 103.3
A121: Sarah Ashlee Barker | B121: 72455 | C121: 2 | D121: Rookie Scale | E121: Rookie | F121: 34 | G121: 481 | H121: 4.2 | I121: 2019 | J121: -0.5 | K121: -0.4 | L121: 0 | M121: -0.04 | N121: -0.04 | O121: 0 | P121: 81.4 | Q121: 110.3
A122: Aaliyah Nye | B122: 69267 | C122: 2 | D122: Rookie Scale | E122: Rookie | F122: 44 | G122: 671 | H122: 5.8 | I122: 3909 | J122: 0.3 | K122: -0.1 | L122: 0.3 | M122: 0.02 | N122: 0 | O122: 0.02 | P122: 90.9 | Q122: 106.2
... A144: Taylor Thierry | B144: 66079 | C144: 3 | D144: Rookie Scale | E144: Rookie | F144: 17 | G144: 36 | H144: 5.5 | I144: 198000 | J144: 0 | K144: -0.1 | L144: 0.1 | M144: -0.02 | N144: -0.11 | O144: 0.09 | P144: 64.9 | Q144: 91.6
A145: Alissa Pili | B145: =37769+11661+10550 -> 59980 | C145: 3 | D145: Special / Short-term | E145: -- | F145: 19 | G145: 99 | H145: 12.5 | I145: 1232 | J145: 0.2 | K145: 0.2 | L145: 0.1 | M145: 0.1 | N145: 0.07 | O145: 0.03 | P145: 106.3 | Q145: 103.2
A146: Aari McDonald | B146: =52333+6459 -> 58792 | C146: 5 | D146: Special / Short-term | E146: UFA | F146: 20 | G146: 525 | H146: 14.1 | I146: 7383 | J146: 1.4 | K146: 0.9 | L146: 0.5 | M146: 0.11 | N146: 0.07 | O146: 0.04 | P146: 105.8 | Q146: 102.8
A147: Kaila Charles | B147: =21198+13911+13911+6956 -> 55976 | C147: 7 | D147: Special / Short-term | E147: UFA | F147: 35 | G147: 616 | H147: 14 | I147: 8608 | J147: 1.6 | K147: 0.8 | L147: 0.8 | M147: 0.11 | N147: 0.05 | O147: 0.05 | P147: 104.4 | Q147: 100
A148: Maria Kliundikova | B148: 54418 | C148: 2 | D148: Special / Short-term | E148: UFA | F148: 34 | G148: 373 | H148: 19.6 | I148: 7298 | J148: 1.5 | K148: 0.7 | L148: 0.9 | M148: 0.16 | N148: 0.07 | O148: 0.09 | P148: 106.5 | Q148: 91.6
A149: Laeticia Amihere | B149: 53307 | C149: 5 | D149: Special / Short-term | E149: UFA | F149: 29 | G149: 384 | H149: 18.3 | I149: 7020 | J149: 1.5 | K149: 0.7 | L149: 0.9 | M149: 0.16 | N149: 0.07 | O149: 0.09 | P149: 105.1 | Q149: 92.4
A150: Kaitlyn Chen | B150: 49420 | C150: 2 | D150: Special / Short-term | E150: UFA | F150: 24 | G150: 247 | H150: 4.8 | I150: 1184 | J150: 0 | K150: -0.2 | L150: 0.2 | M150: 0.01 | N150: -0.02 | O150: 0.03 | P150: 84.8 | Q150: 104
A151: Mackenzie Holmes | B151: 48865 | C151: 3 | D151: Special / Short-term | E151: UFA | F151: 10 | G151: 58 | H151: 13.6 | I151: 793000 | J151: 0.2 | K151: 0.1 | L151: 0.1 | M151: 0.16 | N151: 0.09 | O151: 0.07 | P151: 156.5 | Q151: 96.4
A152: Haley Jones | B152: =36094+5553+4998 -> 46645 | C152: 4 | D152: Special / Short-term | E152: UFA | F152: 28 | G152: 594 | H152: 11.4 | I152: 6789 | J152: 0.4 | K152: 0 | L152: 0.3 | M152: 0.03 | N152: 0 | O152: 0.02 | P152: 92.6 | Q152: 105.6
A153: Jaelyn Brown | B153: 42757 | C153: 3 | D153: Special / Short-term | E153: UFA | F153: 10 | G153: 131 | H153: 6.5 | I153: 849000 | J153: -0.1 | K153: 0 | L153: -0.1 | M153: -0.03 | N153: -0.01 | O153: -0.02 | P153: 88.9 | Q153: 114.4
A154: Marquesha Davis | B154: =36178+3887 -> 40065 | C154: 1 | D154: Rookie Scale | E154: Rookie | F154: 11 | G154: 52 | H154: 0.5 | I154: 26000 | J154: -0.1 | K154: -0.1 | L154: 0 | M154: -0.09 | N154: -0.11 | O154: 0.02 | P154: 66.7 | Q154: 106.5
A155: Haley Peters | B155: =25173+13911 -> 39084 | C155: 9 | D155: Special / Short-term | E155: UFA | F155: 33 | G155: 380 | H155: 5 | I155: 1894 | J155: -0.3 | K155: -0.3 | L155: 0 | M155: -0.03 | N155: -0.03 | O155: 0 | P155: 82.4 | Q155: 109.3
A156: Chloe Bibby | B156: =23322+9995+3887 -> 37204 | C156: 5 | D156: Special / Short-term | E156: UFA | F156: 14 | G156: 154 | H156: 14.8 | I156: 2279 | J156: 0.5 | K156: 0.3 | L156: 0.2 | M156: 0.13 | N156: 0.08 | O156: 0.05 | P156: 109.7 | Q156: 99.2
...

Sheet Analysis
A1: Status count | D1: What-if scenarios of underpaid players
A2: Status | B2: Total | D2: Player | E2: Salary tier | F2: PER | G2: Adjusted salary tier
A3: Supermax | B3: =COUNTIF('Filtered Data'!D:D, A3) -> 1 | D3: {=_xlfn._xlws.FILTER('Filtered Data'!A2:A183, ('Filtered Data'!B2:B183<80336) * ('Filtered Data'!H2:H183>=13))} -> Nyara Sabally | E3: {=_xlfn._xlws.FILTER('Filtered Data'!D2:D183, ('Filtered Data'!B2:B183<80336) * ('Filtered Data'!H2:H183>=13))} -> Rookie Scale | F3: {=_xlfn._xlws.FILTER('Filtered Data'!H2:H183, ('Filtered Data'!B2:B183<80336) * ('Filtered Data'!H2:H183>=13))} -> 13.4 | G3: =IF(F3>=25, "Super Max", IF(F3>=20, "Standard Max", IF(F3>=13, "Mid-tier", "Below Mid-tier"))) -> Mid-tier
A4: Standard Max | B4: =COUNTIF('Filtered Data'!D:D, A4) -> 13 | D4: Cheyenne Parker-Tyus | E4: Veteran Minimum | F4: 37.6 | G4: =IF(F4>=25, "Super Max", IF(F4>=20, "Standard Max", IF(F4>=13, "Mid-tier", "Below Mid-tier"))) -> Super Max
A5: Mid-tier Veteran | B5: =COUNTIF('Filtered Data'!D:D, A5) -> 63 | D5: Dominique Malonga | E5: Rookie Scale | F5: 20.1 | G5: =IF(F5>=25, "Super Max", IF(F5>=20, "Standard Max", IF(F5>=13, "Mid-tier", "Below Mid-tier"))) -> Standard Max
A6: Veteran Minimum | B6: =COUNTIF('Filtered Data'!D:D, A6) -> 13 | D6: Erica Wheeler | E6: Veteran Minimum | F6: 13.3 | G6: =IF(F6>=25, "Super Max", IF(F6>=20, "Standard Max", IF(F6>=13, "Mid-tier", "Below Mid-tier"))) -> Mid-tier
A7: Rookie Scale | B7: =COUNTIF('Filtered Data'!D:D, A7) -> 48 | D7: Isabelle Harrison | E7: Veteran Minimum | F7: 17.3 | G7: =IF(F7>=25, "Super Max", IF(F7>=20, "Standard Max", IF(F7>=13, "Mid-tier", "Below Mid-tier"))) -> Mid-tier
A8: Special / Short-term | B8: =COUNTIF('Filtered Data'!D:D, A8) -> 44 | D8: Jessica Shepard | E8: Special / Short-term | F8: 20.9 | G8: =IF(F8>=25, "Super Max", IF(F8>=20, "Standard Max", IF(F8>=13, "Mid-tier", "Below Mid-tier"))) -> Standard Max
D9: Kennedy Burke | E9: Veteran Minimum | F9: 13.9 | G9: =IF(F9>=25, "Super Max", IF(F9>=20, "Standard Max", IF(F9>=13, "Mid-tier", "Below Mid-tier"))) -> Mid-tier
A10: Player pay status | D10: Kiki Iriafen | E10: Rookie Scale | F10: 17.3 | G10: =IF(F10>=25, "Super Max", IF(F10>=20, "Standard Max", IF(F10>=13, "Mid-tier", "Below Mid-tier"))) -> Mid-tier
A11: Status | B11: Total | D11: Paige Bueckers | E11: Rookie Scale | F11: 21.9 | G11: =IF(F11>=25, "Super Max", IF(F11>=20, "Standard Max", IF(F11>=13, "Mid-tier", "Below Mid-tier"))) -> Standard Max
A12: Underpaid | B12: {=SUMPRODUCT(('Filtered Data'!B2:B183<80336) * ('Filtered Data'!H2:H183>=13))} -> 35 | D12: Sonia Citron | E12: Rookie Scale | F12: 16.4 | G12: =IF(F12>=25, "Super Max", IF(F12>=20, "Standard Max", IF(F12>=13, "Mid-tier", "Below Mid-tier"))) -> Mid-tier
A13: Overpaid | B13: {=SUMPRODUCT(('Filtered Data'!B2:B183>=80336) * ('Filtered Data'!H2:H183<13))} -> 34 | D13: Caitlin Clark | E13: Rookie Scale | F13: 16.6 | G13: =IF(F13>=25, "Super Max", IF(F13>=20, "Standard Max", IF(F13>=13, "Mid-tier", "Below Mid-tier"))) -> Mid-tier
A14: High Pay / High PER | B14: {=SUMPRODUCT(('Filtered Data'!B2:B183>=80336) * ('Filtered Data'!H2:H183>=13))} -> 57 | D14: Cameron Brink | E14: Rookie Scale | F14: 15.2 | G14: =IF(F14>=25, "Super Max", IF(F14>=20, "Standard Max", IF(F14>=13, "Mid-tier", "Below Mid-tier"))) -> Mid-tier
A15: Low Pay / Low PER | B15: {=SUMPRODUCT(('Filtered Data'!B2:B183<80336) * ('Filtered Data'!H2:H183<13))} -> 56 | D15: Kamilla Cardoso | E15: Rookie Scale | F15: 19.6 | G15: =IF(F15>=25, "Super Max", IF(F15>=20, "Standard Max", IF(F15>=13, "Mid-tier", "Below Mid-tier"))) -> Mid-tier
D16: Emma Meesseman | E16: Veteran Minimum | F16: 23.6 | G16: =IF(F16>=25, "Super Max", IF(F16>=20, "Standard Max", IF(F16>=13, "Mid-tier", "Below Mid-tier"))) -> Standard Max
D17: Aneesah Morrow | E17: Rookie Scale | F17: 14.9 | G17: =IF(F17>=25, "Super Max", IF(F17>=20, "Standard Max", IF(F17>=13, "Mid-tier", "Below Mid-tier"))) -> Mid-tier
D18: Saniya Rivers | E18: Rookie Scale | F18: 13.6 | G18: =IF(F18>=25, "Super Max", IF(F18>=20, "Standard Max", IF(F18>=13, "Mid-tier", "Below Mid-tier"))) -> Mid-tier
D19: Aaliyah Edwards | E19: Rookie Scale | F19: 13 | G19: =IF(F19>=25, "Super Max", IF(F19>=20, "Standard Max", IF(F19>=13, "Mid-tier", "Below Mid-tier"))) -> Mid-tier
D20: Angel Reese | E20: Rookie Scale | F20: 19.6 | G20: =IF(F20>=25, "Super Max", IF(F20>=20, "Standard Max", IF(F20>=13, "Mid-tier", "Below Mid-tier"))) -> Mid-tier
D21: Leila Lacan | E21: Rookie Scale | F21: 15.8 | G21: =IF(F21>=25, "Super Max", IF(F21>=20, "Standard Max", IF(F21>=13, "Mid-tier", "Below Mid-tier"))) -> Mid-tier
D22: Anastasiia Olairi Kosu | E22: Rookie Scale | F22: 13.9 | G22: =IF(F22>=25, "Super Max", IF(F22>=20, "Standard Max", IF(F22>=13, "Mid-tier", "Below Mid-tier"))) -> Mid-tier
D23: Makayla Timpson | E23: Rookie Scale | F23: 17.5 | G23: =IF(F23>=25, "Super Max", IF(F23>=20, "Standard Max", IF(F23>=13, "Mid-tier", "Below Mid-tier"))) -> Mid-tier
D24: Te-Hina Paopao | E24: Rookie Scale | F24: 13.2 | G24: =IF(F24>=25, "Super Max", IF(F24>=20, "Standard Max", IF(F24>=13, "Mid-tier", "Below Mid-tier"))) -> Mid-tier
D25: JJ Quinerly | E25: Rookie Scale | F25: 13.1 | G25: =IF(F25>=25, "Super Max", IF(F25>=20, "Standard Max", IF(F25>=13, "Mid-tier", "Below Mid-tier"))) -> Mid-tier
D26: Li Yueru | E26: Veteran Minimum | F26: 13.4 | G26: =IF(F26>=25, "Super Max", IF(F26>=20, "Standard Max", IF(F26>=13, "Mid-tier", "Below Mid-tier"))) -> Mid-tier
D27: Aari McDonald | E27: Special / Short-term | F27: 14.1 | G27: =IF(F27>=25, "Super Max", IF(F27>=20, "Standard Max", IF(F27>=13, "Mid-tier", "Below Mid-tier"))) -> Mid-tier
... D37: Amy Okonkwo | E37: Special / Short-term | F37: 21.9 | G37: =IF(F37>=25, "Super Max", IF(F37>=20, "Standard Max", IF(F37>=13, "Mid-tier", "Below Mid-tier"))) -> Standard Max

Sheet Full data
A1: Player | B1: 2025 Salary | C1: Years in the league | D1: 2025 Status | E1: 2025 Signing | F1: G | G1: MIN | H1: PER | I1: PER*Min | J1: WS | K1: Off WS | L1: Def WS | M1: WS/40 | N1: Off WS/40 | O1: Def WS/40 | P1: Player Off Rtg | Q1: Player Def Rtg
A2: A'ja Wilson | B2: 200000 | C2: 8 | D2: Mid-tier Veteran | E2: RFA | F2: 40 | G2: 1247 | H2: 33.1 | I2: 41343 | J2: 8.9 | K2: 6.3 | L2: 2.6 | M2: 0.29 | N2: 0.2 | O2: 0.08 | P2: 118.6 | Q2: 93.3
A3: Aaliyah Edwards | B3: 74909 | C3: 2 | D3: Rookie Scale | E3: Rookie | F3: 36 | G3: 534 | H3: 13 | I3: 6951 | J3: 0.9 | K3: 0.2 | L3: 0.7 | M3: 0.07 | N3: 0.02 | O3: 0.05 | P3: 95.7 | Q3: 100.4
A4: Aaliyah Nye | B4: 69267 | C4: 2 | D4: Rookie Scale | E4: Rookie | F4: 44 | G4: 671 | H4: 5.8 | I4: 3909 | J4: 0.3 | K4: -0.1 | L4: 0.3 | M4: 0.02 | N4: 0 | O4: 0.02 | P4: 90.9 | Q4: 106.2
A5: Aari McDonald | B5: 52333 | C5: 5 | D5: Special / Short-term | E5: UFA | F5: 20 | G5: 525 | H5: 14.1 | I5: 7383 | J5: 1.4 | K5: 0.9 | L5: 0.5 | M5: 0.11 | N5: 0.07 | O5: 0.04 | P5: 105.8 | Q5: 102.8
A6: Aari McDonald | B6: 6459 | C6: 5 | D6: Special / Short-term | E6: Hardship | F6: 20 | G6: 525 | H6: 14.1 | I6: 7383 | J6: 1.4 | K6: 0.9 | L6: 0.5 | M6: 0.11 | N6: 0.07 | O6: 0.04 | P6: 105.8 | Q6: 102.8
A7: Aerial Powers | B7: 11924 | C7: 10 | D7: Special / Short-term | E7: UFA | F7: 10 | G7: 167 | H7: 16.4 | I7: 2736 | J7: 0.6 | K7: 0.3 | L7: 0.3 | M7: 0.15 | N7: 0.07 | O7: 0.08 | P7: 104.7 | Q7: 94.6
A8: Aerial Powers | B8: 9274 | C8: 10 | D8: Special / Short-term | E8: Hardship | F8: 10 | G8: 167 | H8: 16.4 | I8: 2736 | J8: 0.6 | K8: 0.3 | L8: 0.3 | M8: 0.15 | N8: 0.07 | O8: 0.08 | P8: 104.7 | Q8: 94.6
A9: Aerial Powers | B9: 3975 | C9: 10 | D9: Special / Short-term | E9: Hardship | F9: 10 | G9: 167 | H9: 16.4 | I9: 2736 | J9: 0.6 | K9: 0.3 | L9: 0.3 | M9: 0.15 | N9: 0.07 | O9: 0.08 | P9: 104.7 | Q9: 94.6
A10: Aerial Powers | C10: 10 | E10: UFA | F10: 10 | G10: 167 | H10: 16.4 | I10: 2736 | J10: 0.6 | K10: 0.3 | L10: 0.3 | M10: 0.15 | N10: 0.07 | O10: 0.08 | P10: 104.7 | Q10: 94.6
A11: Ajae Petty | B11: 2915 | C11: 2 | D11: Special / Short-term | E11: Hardship | F11: 2 | G11: 6000 | H11: -0.9 | I11: -5 | J11: 0 | K11: 0 | L11: 0 | M11: 0.01 | N11: 0 | O11: 0.01 | Q11: 107.5
A12: Ajae Petty | B12: 1250 | C12: 2 | D12: Special / Short-term | E12: Hardship | F12: 2 | G12: 6000 | H12: -0.9 | I12: -5 | J12: 0 | K12: 0 | L12: 0 | M12: 0.01 | N12: 0 | O12: 0.01 | Q12: 107.5
A13: Alanna Smith | B13: 150000 | C13: 7 | D13: Mid-tier Veteran | E13: UFA | F13: 42 | G13: 1114 | H13: 18 | I13: 20095 | J13: 4.5 | K13: 2.2 | L13: 2.3 | M13: 0.16 | N13: 0.08 | O13: 0.08 | P13: 110 | Q13: 93.7
A14: Alexis Prince | B14: 3975 | C14: 1 | D14: Special / Short-term | E14: UFA | F14: 1 | G14: 22 | H14: -1.4 | I14: -30 | J14: 0 | K14: -0.1 | L14: 0.1 | M14: 0 | N14: -0.17 | O14: 0.17 | P14: 40.5 | Q14: 76.1
A15: Alissa Pili | B15: 37769 | C15: 3 | D15: Special / Short-term | E15: -- | F15: 19 | G15: 99 | H15: 12.5 | I15: 1232 | J15: 0.2 | K15: 0.2 | L15: 0.1 | M15: 0.1 | N15: 0.07 | O15: 0.03 | P15: 106.3 | Q15: 103.2
A16: Alissa Pili | B16: 11661 | C16: 3 | D16: Special / Short-term | E16: UFA | F16: 19 | G16: 99 | H16: 12.5 | I16: 1232 | J16: 0.2 | K16: 0.2 | L16: 0.1 | M16: 0.1 | N16: 0.07 | O16: 0.03 | P16: 106.3 | Q16: 103.2
A17: Alissa Pili | B17: 10550 | C17: 3 | D17: Special / Short-term | E17: UFA | F17: 19 | G17: 99 | H17: 12.5 | I17: 1232 | J17: 0.2 | K17: 0.2 | L17: 0.1 | M17: 0.1 | N17: 0.07 | O17: 0.03 | P17: 106.3 | Q17: 103.2
A18: Aliyah Boston | B18: 83371 | C18: 3 | D18: Rookie Scale | E18: Rookie | F18: 44 | G18: 1327 | H18: 22.5 | I18: 29890 | J18: 6.7 | K18: 4.7 | L18: 2 | M18: 0.2 | N18: 0.14 | O18: 0.06 | P18: 117.9 | Q18: 98.1
A19: Allisha Gray | B19: 190000 | C19: 9 | D19: Mid-tier Veteran | E19: RFA | F19: 42 | G19: 1451 | H19: 19.6 | I19: 28457 | J19: 7.2 | K19: 5.2 | L19: 2 | M19: 0.2 | N19: 0.14 | O19: 0.06 | P19: 119 | Q19: 99.2
A20: Alysha Clark | B20: 205908 | C20: 16 | D20: Mid-tier Veteran | E20: UFA | F20: 42 | G20: 828 | H20: 7.1 | I20: 5868 | J20: 1 | K20: 0.3 | L20: 0.8 | M20: 0.05 | N20: 0.01 | O20: 0.04 | P20: 97.3 | Q20: 102.9
A21: Alyssa Thomas | B21: 215000 | C21: 12 | D21: Standard Max | E21: Core | F21: 39 | G21: 1221 | H21: 25.1 | I21: 30588 | J21: 6.6 | K21: 4.4 | L21: 2.2 | M21: 0.22 | N21: 0.14 | O21: 0.07 | P21: 113.5 | Q21: 95.7
A22: Amy Okonkwo | B22: 7774 | C22: 3 | D22: Special / Short-term | E22: UFA | F22: 8 | G22: 157 | H22: 21.9 | I22: 3429 | J22: 0.5 | K22: 0.5 | L22: 0 | M22: 0.14 | N22: 0.14 | O22: 0 | P22: 120.6 | Q22: 110.1
A23: Amy Okonkwo | B23: 2915 | C23: 3 | D23: Special / Short-term | E23: UFA | F23: 8 | G23: 157 | H23: 21.9 | I23: 3429 | J23: 0.5 | K23: 0.5 | L23: 0 | M23: 0.14 | N23: 0.14 | O23: 0 | P23: 120.6 | Q23: 110.1
A24: Anastasiia Olairi Kosu | B24: 69267 | C24: 2 | D24: Rookie Scale | E24: Rookie | F24: 21 | G24: 80 | H24: 13.9 | I24: 1105 | J24: 0.2 | K24: 0.1 | L24: 0.1 | M24: 0.08 | N24: 0.04 | O24: 0.04 | P24: 98.7 | Q24: 101.6
... A73: Gabby Williams | B73: 225000 | C73: 8 | D73: Standard Max | E73: Core | F73: 44 | G73: 1391 | H73: 15.6 | I73: 21728 | J73: 3.5 | K73: 1.3 | L73: 2.2 | M73: 0.1 | N73: 0.04 | O73: 0.06 | P73: 99.6 | Q73: 97.3
A74: Georgia Amoore | B74: 75643 | C74: 1 | D74: Rookie Scale | E74: Rookie | F74: 0 | G74: 0 | K74: 0
A75: Grace Berger | B75: 17214 | C75: 3 | D75: Special / Short-term | E75: UFA | F75: 19 | G75: 418 | H75: 6 | I75: 2527 | J75: -0.3 | K75: -0.3 | L75: 0 | M75: -0.03 | N75: -0.03 | O75: 0 | P75: 82.1 | Q75: 110.3
A76: Grace Berger | B76: 11661 | C76: 3 | D76: Special / Short-term | E76: Hardship | F76: 19 | G76: 418 | H76: 6 | I76: 2527 | J76: -0.3 | K76: -0.3 | L76: 0 | M76: -0.03 | N76: -0.03 | O76: 0 | P76: 82.1 | Q76: 110.3
A77: Grace Berger | B77: 1666 | C77: 3 | D77: Special / Short-term | E77: Hardship | F77: 19 | G77: 418 | H77: 6 | I77: 2527 | J77: -0.3 | K77: -0.3 | L77: 0 | M77: -0.03 | N77: -0.03 | O77: 0 | P77: 82.1 | Q77: 110.3
A78: Hailey Van Lith | B78: 72455 | C78: 2 | D78: Rookie Scale | E78: Rookie | F78: 29 | G78: 361 | H78: 5.8 | I78: 2085 | J78: -0.5 | K78: -0.5 | L78: 0 | M78: -0.06 | N78: -0.06 | O78: 0 | P78: 80.3 | Q78: 110.4
A79: Haley Jones | B79: 36094 | C79: 4 | D79: Special / Short-term | E79: UFA | F79: 28 | G79: 594 | H79: 11.4 | I79: 6789 | J79: 0.4 | K79: 0 | L79: 0.3 | M79: 0.03 | N79: 0 | O79: 0.02 | P79: 92.6 | Q79: 105.6
A80: Haley Jones | B80: 5553 | C80: 4 | D80: Special / Short-term | E80: Hardship | F80: 28 | G80: 594 | H80: 11.4 | I80: 6789 | J80: 0.4 | K80: 0 | L80: 0.3 | M80: 0.03 | N80: 0 | O80: 0.02 | P80: 92.6 | Q80: 105.6
A81: Haley Jones | B81: 4998 | C81: 4 | D81: Special / Short-term | E81: Hardship | F81: 28 | G81: 594 | H81: 11.4 | I81: 6789 | J81: 0.4 | K81: 0 | L81: 0.3 | M81: 0.03 | N81: 0 | O81: 0.02 | P81: 92.6 | Q81: 105.6
A82: Haley Peters | B82: 39747 | C82: 9 | D82: Special / Short-term | E82: UFA | F82: 33 | G82: 380 | H82: 5 | I82: 1894 | J82: -0.3 | K82: -0.3 | L82: 0 | M82: -0.03 | N82: -0.03 | O82: 0 | P82: 82.4 | Q82: 109.3
A83: Haley Peters | B83: 25173 | C83: 9 | D83: Special / Short-term | E83: UFA | F83: 33 | G83: 380 | H83: 5 | I83: 1894 | J83: -0.3 | K83: -0.3 | L83: 0 | M83: -0.03 | N83: -0.03 | O83: 0 | P83: 82.4 | Q83: 109.3
A84: Haley Peters | B84: 13911 | C84: 9 | D84: Special / Short-term | E84: UFA | F84: 33 | G84: 380 | H84: 5 | I84: 1894 | J84: -0.3 | K84: -0.3 | L84: 0 | M84: -0.03 | N84: -0.03 | O84: 0 | P84: 82.4 | Q84: 109.3
A85: Iliana Rupert | B85: 32207 | C85: 4 | D85: Rookie Scale | E85: Rookie | F85: 21 | G85: 486 | H85: 16.2 | I85: 7892 | J85: 1.8 | K85: 1.2 | L85: 0.6 | M85: 0.15 | N85: 0.1 | O85: 0.05 | P85: 116.6 | Q85: 100.6
A86: Isabelle Harrison | B86: 78831 | C86: 11 | D86: Veteran Minimum | E86: UFA | F86: 34 | G86: 360 | H86: 17.3 | I86: 6240 | J86: 1.2 | K86: 0.7 | L86: 0.5 | M86: 0.13 | N86: 0.08 | O86: 0.06 | P86: 105.9 | Q86: 98.5
... A108: Kalani Brown | B108: 128750 | C108: 7 | D108: Mid-tier Veteran | E108: UFA | F108: 29 | G108: 370 | H108: 18.6 | I108: 6903 | J108: 1.6 | K108: 1 | L108: 0.6 | M108: 0.17 | N108: 0.11 | O108: 0.06 | P108: 119 | Q108: 97.5
A109: Kamiah Smalls | B109: 7774 | C109: 1 | D109: Special / Short-term | E109: UFA | F109: 3 | G109: 3000 | H109: 0 | I109: 0 | J109: 0 | K109: 0 | L109: 0 | M109: 0.05 | N109: 0 | O109: 0.05 | Q109: 100.7
A110: Kamilla Cardoso | B110: 78066 | C110: 2 | D110: Rookie Scale | E110: Rookie | F110: 40 | G110: 1102 | H110: 19.6 | I110: 21647 | J110: 2.8 | K110: 2.4 | L110: 0.4 | M110: 0.1 | N110: 0.09 | O110: 0.01 | P110: 107 | Q110: 107.2
A111: Kariata Diaby | B111: 27764 | C111: 2 | D111: Special / Short-term | E111: UFA | F111: 13 | G111: 103 | H111: 5.7 | I111: 589000 | J111: -0.1 | K111: -0.1 | L111: 0 | M111: -0.03 | N111: -0.03 | O111: -0.01 | P111: 84.4 | Q111: 111.4
A112: Karlie Samuelson | B112: 118450 | C112: 9 | D112: Mid-tier Veteran | E112: UFA | F112: 16 | G112: 228 | H112: 6.7 | I112: 1526 | J112: 0.5 | K112: 0.2 | L112: 0.3 | M112: 0.09 | N112: 0.04 | O112: 0.05 | P112: 104.4 | Q112: 100
A113: Kate Martin | B113: 68595 | C113: 2 | D113: Rookie Scale | E113: Rookie | F113: 42 | G113: 687 | H113: 9.5 | I113: 6526 | J113: 0.9 | K113: 0.1 | L113: 0.8 | M113: 0.05 | N113: 0 | O113: 0.05 | P113: 92.8 | Q113: 100.7
A114: Kathryn Westbeld | B114: 66079 | C114: 4 | D114: Veteran Minimum | E114: UFA | F114: 43 | G114: 792 | H114: 10.5 | I114: 8289 | J114: 1.6 | K114: 0.5 | L114: 1 | M114: 0.08 | N114: 0.03 | O114: 0.05 | P114: 100 | Q114: 99.7
A115: Katie Lou Samuelson | B115: 95835 | C115: 7 | D115: Mid-tier Veteran | E115: UFA | F115: 0 | G115: 0 | K115: 0
A116: Katie Lou Samuelson | B116: 90000 | C116: 7 | D116: Mid-tier Veteran | E116: UFA | F116: 0 | G116: 0 | K116: 0
A117: Kayla McBride | B117: 205000 | C117: 12 | D117: Mid-tier Veteran | E117: UFA | F117: 39 | G117: 1220 | H117: 16.1 | I117: 19646 | J117: 4.5 | K117: 3.1 | L117: 1.4 | M117: 0.15 | N117: 0.1 | O117: 0.05 | P117: 113.3 | Q117: 101.2
A118: Kayla Thornton | B118: 132000 | C118: 10 | D118: Mid-tier Veteran | E118: -- | F118: 22 | G118: 662 | H118: 15.1 | I118: 10006 | J118: 1.9 | K118: 0.8 | L118: 1.1 | M118: 0.11 | N118: 0.05 | O118: 0.07 | P118: 100.5 | Q118: 97
A119: Kelsey Mitchell | B119: 269244 | C119: 8 | D119: Supermax | E119: Core | F119: 44 | G119: 1381 | H119: 20 | I119: 27655 | J119: 5.6 | K119: 4.8 | L119: 0.8 | M119: 0.16 | N119: 0.14 | O119: 0.02 | P119: 114 | Q119: 105.4
A120: Kelsey Plum | B120: 202000 | C120: 9 | D120: Mid-tier Veteran | E120: Core | F120: 43 | G120: 1508 | H120: 18.1 | I120: 27311 | J120: 4.5 | K120: 4.6 | L120: -0.1 | M120: 0.12 | N120: 0.12 | O120: 0 | P120: 111.4 | Q120: 110.5
A121: Kennedy Burke | B121: 78831 | C121: 6 | D121: Veteran Minimum | E121: UFA | F121: 36 | G121: 779 | H121: 13.9 | I121: 10868 | J121: 2.1 | K121: 1.4 | L121: 0.7 | M121: 0.11 | N121: 0.07 | O121: 0.04 | P121: 110.4 | Q121: 103.1
A122: Kia Nurse | B122: 145000 | C122: 8 | D122: Mid-tier Veteran | E122: UFA | F122: 44 | G122: 962 | H122: 7.3 | I122: 7004 | J122: 0 | K122: 0.3 | L122: -0.3 | M122: 0 | N122: 0.01 | O122: -0.01 | P122: 95.2 | Q122: 112.5
A123: Kiah Stokes | B123: 103000 | C123: 10 | D123: Mid-tier Veteran | E123: UFA | F123: 40 | G123: 514 | H123: 7 | I123: 3587 | J123: 0.7 | K123: 0 | L123: 0.7 | M123: 0.06 | N123: 0 | O123: 0.06 | P123: 91.8 | Q123: 98.9
A124: Kiana Williams | B124: 12772 | C124: 5 | D124: Special / Short-term | E124: UFA | F124: 11 | G124: 107 | H124: 12.1 | I124: 1293 | J124: 0.1 | K124: 0.1 | L124: 0.1 | M124: 0.05 | N124: 0.03 | O124: 0.02 | P124: 98.6 | Q124: 105.7
A125: Kiana Williams | B125: 11661 | C125: 5 | D125: Special / Short-term | E125: UFA | F125: 11 | G125: 107 | H125: 12.1 | I125: 1293 | J125: 0.1 | K125: 0.1 | L125: 0.1 | M125: 0.05 | N125: 0.03 | O125: 0.02 | P125: 98.6 | Q125: 105.7
A126: Kiana Williams | B126: 9440 | C126: 5 | D126: Special / Short-term | E126: UFA | F126: 11 | G126: 107 | H126: 12.1 | I126: 1293 | J126: 0.1 | K126: 0.1 | L126: 0.1 | M126: 0.05 | N126: 0.03 | O126: 0.02 | P126: 98.6 | Q126: 105.7
A127: Kierstan Bell | B127: 84543 | C127: 4 | D127: Rookie Scale | E127: Rookie | F127: 35 | G127: 427 | H127: 10.5 | I127: 4487 | J127: 0.5 | K127: 0.1 | L127: 0.4 | M127: 0.05 | N127: 0.01 | O127: 0.03 | P127: 94.9 | Q127: 103.3
A128: Kiki Iriafen | B128: 78831 | C128: 1 | D128: Rookie Scale | E128: Rookie | F128: 44 | G128: 1185 | H128: 17.3 | I128: 20530 | J128: 3.3 | K128: 2.1 | L128: 1.2 | M128: 0.11 | N128: 0.07 | O128: 0.04 | P128: 103.8 | Q128: 101.9
... A130: Kyara Linskens | B130: 14437 | C130: 2 | D130: Special / Short-term | E130: UDFA | F130: 4 | G130: 27 | H130: 4.8 | I130: 128000 | J130: 0 | K130: 0 | L130: 0.1 | M130: 0.02 | N130: -0.07 | O130: 0.09 | P130: 68.3 | Q130: 92.9
A131: Kyra Lambert | B131: 3887 | C131: 1 | D131: Special / Short-term | E131: Hardship | F131: 1 | G131: 0 | H131: 0 | I131: 0 | J131: 0 | K131: 0 | L131: 0 | M131: -0.02 | N131: 0 | O131: -0.02 | Q131: 113.5
A132: Laeticia Amihere | B132: 53307 | C132: 5 | D132: Special / Short-term | E132: UFA | F132: 29 | G132: 384 | H132: 18.3 | I132: 7020 | J132: 1.5 | K132: 0.7 | L132: 0.9 | M132: 0.16 | N132: 0.07 | O132: 0.09 | P132: 105.1 | Q132: 92.4
A133: Leila Lacan | B133: 72455 | C133: 2 | D133: Rookie Scale | E133: -- | F133: 25 | G133: 665 | H133: 15.8 | I133: 10504 | J133: 1.6 | K133: 1 | L133: 0.6 | M133: 0.1 | N133: 0.06 | O133: 0.03 | P133: 105.2 | Q133: 103.3
A134: Leonie Fiebich | B134: 68595 | C134: 3 | D134: Rookie Scale | E134: -- | F134: 37 | G134: 1041 | H134: 12.2 | I134: 12656 | J134: 3.1 | K134: 1.9 | L134: 1.2 | M134: 0.12 | N134: 0.07 | O134: 0.05 | P134: 115.1 | Q134: 101.2
A135: Lexi Held | B135: 66079 | C135: 2 | D135: Rookie Scale | E135: UFA | F135: 32 | G135: 471 | H135: 10 | I135: 4685 | J135: 0.6 | K135: 0.1 | L135: 0.5 | M135: 0.05 | N135: 0.01 | O135: 0.04 | P135: 93.8 | Q135: 102.1
A136: Lexie Brown | B136: 96408 | C136: 8 | D136: Mid-tier Veteran | E136: UFA | F136: 24 | G136: 227 | H136: 8.5 | I136: 1929 | J136: 0.4 | K136: 0.2 | L136: 0.2 | M136: 0.07 | N136: 0.03 | O136: 0.04 | P136: 103.1 | Q136: 103
A137: Lexie Hull | B137: 88261 | C137: 4 | D137: Rookie Scale | E137: Rookie | F137: 44 | G137: 1189 | H137: 10.4 | I137: 12374 | J137: 2.7 | K137: 1.4 | L137: 1.2 | M137: 0.09 | N137: 0.05 | O137: 0.04 | P137: 106.4 | Q137: 101.7
A138: Li Yueru | B138: 66079 | C138: 5 | D138: Veteran Minimum | E138: -- | F138: 31 | G138: 520 | H138: 13.4 | I138: 6947 | J138: 1.1 | K138: 0.9 | L138: 0.2 | M138: 0.08 | N138: 0.07 | O138: 0.02 | P138: 107.3 | Q138: 106.5
A139: Liatu King | B139: 16659 | C139: 3 | D139: Special / Short-term | E139: Hardship | F139: 14 | G139: 136 | H139: 8.4 | I139: 1137 | J139: 0.1 | K139: 0.1 | L139: 0 | M139: 0.02 | N139: 0.02 | O139: -0.01 | P139: 98.5 | Q139: 111.5
A140: Liatu King | B140: 4998 | C140: 3 | D140: Special / Short-term | E140: UFA | F140: 14 | G140: 136 | H140: 8.4 | I140: 1137 | J140: 0.1 | K140: 0.1 | L140: 0 | M140: 0.02 | N140: 0.02 | O140: -0.01 | P140: 98.5 | Q140: 111.5
A141: Lindsay Allen | B141: 90000 | C141: 8 | D141: Mid-tier Veteran | E141: UFA | F141: 31 | G141: 450 | H141: 6.6 | I141: 2960 | J141: -0.1 | K141: 0 | L141: -0.1 | M141: -0.01 | N141: 0 | O141: -0.01 | P141: 92.7 | Q141: 112.6
A142: Lucy Olsen | B142: 69267 | C142: 1 | D142: Rookie Scale | E142: Rookie | F142: 41 | G142: 508 | H142: 10.5 | I142: 5337 | J142: 0.7 | K142: 0.4 | L142: 0.3 | M142: 0.06 | N142: 0.03 | O142: 0.02 | P142: 99.9 | Q142: 105.3
A143: Luisa Geiselsoder | B143: 66079 | C143: 2 | D143: Rookie Scale | E143: UFA | F143: 28 | G143: 628 | H143: 11.8 | I143: 7401 | J143: 0.7 | K143: 0.5 | L143: 0.2 | M143: 0.05 | N143: 0.03 | O143: 0.01 | P143: 101.9 | Q143: 107.5
... A228: Zia Cooke | B228: 13882 | C228: 4 | D228: Special / Short-term | E228: UFA | F228: 26 | G228: 261 | H228: 5.8 | I228: 1524 | J228: -0.1 | K228: -0.3 | L228: 0.2 | M228: -0.01 | N228: -0.04 | O228: 0.03 | P228: 83.2 | Q228: 103.3

Sheet Cleaned Data
A1: Player | B1: 2025 Salary | C1: 2025 Signing | D1: G | E1: MIN | F1: PER | G1: PER*Min | H1: WS | I1: Off WS | J1: Def WS | K1: WS/40 | L1: Off WS/40 | M1: Def WS/40 | N1: Player Off Rtg | O1: Player Def Rtg
A2: Kelsey Mitchell | B2: 269244 | C2: Core | D2: 44 | E2: 1381 | F2: 20 | G2: 27655 | H2: 5.6 | I2: 4.8 | J2: 0.8 | K2: 0.16 | L2: 0.14 | M2: 0.02 | N2: 114 | O2: 105.4
A3: Arike Ogunbowale | B3: 249032 | C3: -- | D3: 29 | E3: 966 | F3: 13.3 | G3: 12825 | H3: 1.3 | I3: 1.3 | J3: 0 | K3: 0.05 | L3: 0.05 | M3: 0 | N3: 101.8 | O3: 110
A4: Jewell Loyd | B4: 249032 | C4: Core | D4: 44 | E4: 1245 | F4: 13.4 | G4: 16739 | H4: 2.9 | I4: 2 | J4: 1 | K4: 0.09 | L4: 0.06 | M4: 0.03 | N4: 106.5 | O4: 104
A5: Kahleah Copper | B5: 248134 | C5: Core | D5: 28 | E5: 752 | F5: 14.7 | G5: 11094 | H5: 1.5 | I5: 0.8 | J5: 0.8 | K5: 0.08 | L5: 0.04 | M5: 0.04 | N5: 98.4 | O5: 101.8
A6: Gabby Williams | B6: 225000 | C6: Core | D6: 44 | E6: 1391 | F6: 15.6 | G6: 21728 | H6: 3.5 | I6: 1.3 | J6: 2.2 | K6: 0.1 | L6: 0.04 | M6: 0.06 | N6: 99.6 | O6: 97.3
A7: Ariel Atkins | B7: 223000 | C7: -- | D7: 34 | E7: 970 | F7: 16 | G7: 15499 | H7: 2 | I7: 1.5 | J7: 0.4 | K7: 0.08 | L7: 0.06 | M7: 0.02 | N7: 103.6 | O7: 106.5
A8: Breanna Stewart | B8: 222400 | C8: Core | D8: 31 | E8: 948 | F8: 23.7 | G8: 22486 | H8: 4.7 | I8: 3.2 | J8: 1.5 | K8: 0.2 | L8: 0.13 | M8: 0.07 | N8: 112.6 | O8: 97.3
A9: Sabrina Ionescu | B9: 222060 | C9: Rookie | D9: 38 | E9: 1194 | F9: 20.6 | G9: 24600 | H9: 4.5 | I9: 3.2 | J9: 1.3 | K9: 0.15 | L9: 0.11 | M9: 0.04 | N9: 107 | O9: 101.3
A10: Satou Sabally | B10: 215000 | C10: Core | D10: 39 | E10: 1039 | F10: 19.6 | G10: 20393 | H10: 4 | I10: 2.4 | J10: 1.6 | K10: 0.15 | L10: 0.09 | M10: 0.06 | N10: 105.5 | O10: 98.1
A11: Alyssa Thomas | B11: 215000 | C11: Core | D11: 39 | E11: 1221 | F11: 25.1 | G11: 30588 | H11: 6.6 | I11: 4.4 | J11: 2.2 | K11: 0.22 | L11: 0.14 | M11: 0.07 | N11: 113.5 | O11: 95.7
A12: Brittney Griner | B12: 214466 | C12: UFA | D12: 39 | E12: 810 | F12: 16.2 | G12: 13154 | H12: 2.4 | I12: 1.1 | J12: 1.4 | K12: 0.12 | L12: 0.05 | M12: 0.07 | N12: 102.1 | O12: 96.6
A13: Natasha Howard | B13: 214466 | C13: UFA | D13: 44 | E13: 1060 | F13: 19.1 | G13: 20269 | H13: 4.1 | I13: 2.4 | J13: 1.7 | K13: 0.15 | L13: 0.09 | M13: 0.06 | N13: 109.3 | O13: 97.4
... A67: Lexie Brown | B67: 96408 | C67: UFA | D67: 24 | E67: 227 | F67: 8.5 | G67: 1929 | H67: 0.4 | I67: 0.2 | J67: 0.2 | K67: 0.07 | L67: 0.03 | M67: 0.04 | N67: 103.1 | O67: 103
A68: Katie Lou Samuelson | B68: 95835 | C68: UFA | D68: 0 | E68: 0 | I68: 0
A69: Rachel Banham | B69: 95000 | C69: UFA | D69: 44 | E69: 1081 | F69: 10.6 | G69: 11458 | H69: 1 | I69: 1.3 | J69: -0.2 | K69: 0.04 | L69: 0.05 | M69: -0.01 | N69: 103.1 | O69: 111.8
A70: Sug Sutton | B70: 93831 | C70: Reserved | D70: 43 | E70: 1122 | F70: 9.8 | G70: 11051 | H70: 1.1 | I70: 0.5 | J70: 0.6 | K70: 0.04 | L70: 0.02 | M70: 0.02 | N70: 96.5 | O70: 106.1
A71: Shakira Austin | B71: 91981 | C71: Rookie | D71: 38 | E71: 874 | F71: 18.5 | G71: 16164 | H71: 1.6 | I71: 0.2 | J71: 1.5 | K71: 0.07 | L71: 0.01 | M71: 0.07 | N71: 92.9 | O71: 96.8
A72: NaLyssa Smith | B72: 91981 | C72: Rookie | D72: 45 | E72: 956 | F72: 13.2 | G72: 12601 | H72: 2.3 | I72: 1.3 | J72: 0.9 | K72: 0.09 | L72: 0.06 | M72: 0.04 | N72: 105.6 | O72: 102.4
A73: Rhyne Howard | B73: 91981 | C73: Rookie | D73: 33 | E73: 1151 | F73: 18.2 | G73: 20907 | H73: 4.9 | I73: 3.1 | J73: 1.8 | K73: 0.17 | L73: 0.11 | M73: 0.06 | N73: 111 | O73: 97.6
A74: Katie Lou Samuelson | B74: 90000 | C74: UFA | D74: 0 | E74: 0 | I74: 0
A75: Lindsay Allen | B75: 90000 | C75: UFA | D75: 31 | E75: 450 | F75: 6.6 | G75: 2960 | H75: -0.1 | I75: 0 | J75: -0.1 | K75: -0.01 | L75: 0 | M75: -0.01 | N75: 92.7 | O75: 112.6
A76: Sydney Colson | B76: 90000 | C76: UFA | D76: 30 | E76: 404 | F76: 5.9 | G76: 2365 | H76: 0.1 | I76: -0.2 | J76: 0.3 | K76: 0.01 | L76: -0.02 | M76: 0.03 | N76: 86.5 | O76: 103.8
A77: Temi Fágbénlé | B77: 90000 | C77: Reserved | D77: 39 | E77: 925 | F77: 12.8 | G77: 11845 | H77: 2.4 | I77: 1 | J77: 1.3 | K77: 0.1 | L77: 0.04 | M77: 0.06 | N77: 102.9 | O77: 98.5
A78: Dana Evans | B78: 89000 | C78: RFA | D78: 44 | E78: 777 | F78: 11 | G78: 8551 | H78: 1.1 | I78: 0.9 | J78: 0.3 | K78: 0.06 | L78: 0.04 | M78: 0.01 | N78: 101.2 | O78: 107.2
A79: Lexie Hull | B79: 88261 | C79: Rookie | D79: 44 | E79: 1189 | F79: 10.4 | G79: 12374 | H79: 2.7 | I79: 1.4 | J79: 1.2 | K79: 0.09 | L79: 0.05 | M79: 0.04 | N79: 106.4 | O79: 101.7
A80: Yvonne Anderson | B80: 85000 | C80: UFA | D80: 1 | E80: 12 | F80: 1.1 | G80: 13000 | H80: 0 | I80: 0 | J80: 0 | K80: 0.01 | L80: -0.11 | M80: 0.12 | N80: 50.2 | O80: 86.5
A81: Brianna Turner | B81: 85000 | C81: UFA | D81: 27 | E81: 233 | F81: 7.4 | G81: 1721 | H81: 0.3 | I81: 0.1 | J81: 0.2 | K81: 0.06 | L81: 0.02 | M81: 0.04 | N81: 100.3 | O81: 102.9
A82: Julie Allemand | B82: 85000 | C82: SuspCE | D82: 34 | E82: 963 | F82: 11.4 | G82: 10962 | H82: 1.6 | I82: 1.3 | J82: 0.3 | K82: 0.07 | L82: 0.05 | M82: 0.01 | N82: 110.3 | O82: 107.8
A83: Kierstan Bell | B83: 84543 | C83: Rookie | D83: 35 | E83: 427 | F83: 10.5 | G83: 4487 | H83: 0.5 | I83: 0.1 | J83: 0.4 | K83: 0.05 | L83: 0.01 | M83: 0.03 | N83: 94.9 | O83: 103.3
A84: Maddy Siegrist | B84: 83371 | C84: Rookie | D84: 26 | E84: 702 | F84: 17.2 | G84: 12107 | H84: 1.9 | I84: 1.9 | J84: 0 | K84: 0.11 | L84: 0.11 | M84: 0 | N84: 116.9 | O84: 110.1
A85: Aliyah Boston | B85: 83371 | C85: Rookie | D85: 44 | E85: 1327 | F85: 22.5 | G85: 29890 | H85: 6.7 | I85: 4.7 | J85: 2 | K85: 0.2 | L85: 0.14 | M85: 0.06 | N85: 117.9 | O85: 98.1
A86: Diamond Miller | B86: 83371 | C86: -- | D86: 40 | E86: 434 | F86: 8.5 | G86: 3694 | H86: 0.5 | I86: 0.1 | J86: 0.4 | K86: 0.04 | L86: 0.01 | M86: 0.03 | N86: 94.4 | O86: 103.5
... A107: Emma Meesseman | B107: 75694 | C107: UFA | D107: 17 | E107: 440 | F107: 23.6 | G107: 10358 | H107: 2 | I107: 1.4 | J107: 0.6 | K107: 0.18 | L107: 0.13 | M107: 0.05 | N107: 115.1 | O107: 99.9
A108: Georgia Amoore | B108: 75643 | C108: Rookie | D108: 0 | E108: 0 | I108: 0
A109: Aneesah Morrow | B109: 75643 | C109: Rookie | D109: 41 | E109: 775 | F109: 14.9 | G109: 11528 | H109: 1 | I109: 0.3 | J109: 0.7 | K109: 0.05 | L109: 0.02 | M109: 0.04 | N109: 94.9 | O109: 103
A110: Saniya Rivers | B110: 75643 | C110: Rookie | D110: 42 | E110: 1097 | F110: 13.6 | G110: 14902 | H110: 1.2 | I110: 0.7 | J110: 0.5 | K110: 0.04 | L110: 0.02 | M110: 0.02 | N110: 97.6 | O110: 106.6
A111: Aaliyah Edwards | B111: 74909 | C111: Rookie | D111: 36 | E111: 534 | F111: 13 | G111: 6951 | H111: 0.9 | I111: 0.2 | J111: 0.7 | K111: 0.07 | L111: 0.02 | M111: 0.05 | N111: 95.7 | O111: 100.4
A112: Jacy Sheldon | B112: 74909 | C112: Rookie | D112: 30 | E112: 708 | F112: 11.8 | G112: 8376 | H112: 1 | I112: 1.1 | J112: -0.1 | K112: 0.06 | L112: 0.06 | M112: 0 | N112: 110.2 | O112: 110.9
A113: Angel Reese | B113: 74909 | C113: Rookie | D113: 30 | E113: 947 | F113: 19.6 | G113: 18533 | H113: 2.3 | I113: 1.3 | J113: 1 | K113: 0.1 | L113: 0.06 | M113: 0.04 | N113: 100.6 | O113: 101.9
A114: Hailey Van Lith | B114: 72455 | C114: Rookie | D114: 29 | E114: 361 | F114: 5.8 | G114: 2085 | H114: -0.5 | I114: -0.5 | J114: 0 | K114: -0.06 | L114: -0.06 | M114: 0 | N114: 80.3 | O114: 110.4
A115: Sarah Ashlee Barker | B115: 72455 | C115: Rookie | D115: 34 | E115: 481 | F115: 4.2 | G115: 2019 | H115: -0.5 | I115: -0.4 | J115: 0 | K115: -0.04 | L115: -0.04 | M115: 0 | N115: 81.4 | O115: 110.3
A116: Aziaha James | B116: 72455 | C116: Rookie | D116: 38 | E116: 673 | F116: 12.5 | G116: 8402 | H116: 0.5 | I116: 0.4 | J116: 0.1 | K116: 0.03 | L116: 0.02 | M116: 0.01 | N116: 96.5 | O116: 109
A117: Carla Leite | B117: 72455 | C117: -- | D117: 37 | E117: 637 | F117: 11.6 | G117: 7394 | H117: 1.1 | I117: 0.5 | J117: 0.7 | K117: 0.07 | L117: 0.03 | M117: 0.04 | N117: 96.9 | O117: 101.6
A118: Leila Lacan | B118: 72455 | C118: -- | D118: 25 | E118: 665 | F118: 15.8 | G118: 10504 | H118: 1.6 | I118: 1 | J118: 0.6 | K118: 0.1 | L118: 0.06 | M118: 0.03 | N118: 105.2 | O118: 103.3
A119: DeWanna Bonner | B119: 72269 | C119: UFA | D119: 33 | E119: 778 | F119: 15.2 | G119: 11865 | H119: 2.6 | I119: 1.6 | J119: 1 | K119: 0.13 | L119: 0.08 | M119: 0.05 | N119: 111.1 | O119: 100.2
A120: Sania Feagin | B120: 69267 | C120: Rookie | D120: 16 | E120: 77 | F120: 0.6 | G120: 48000 | H120: -0.2 | I120: -0.2 | J120: 0 | K120: -0.13 | L120: -0.13 | M120: 0 | N120: 65.9 | O120: 109.2
... A203: Yvonne Anderson | B203: 7774 | C203: UFA | D203: 1 | E203: 12 | F203: 1.1 | G203: 13000 | H203: 0 | I203: 0 | J203: 0 | K203: 0.01 | L203: -0.11 | M203: 0.12 | N203: 50.2 | O203: 86.5
A204: Kamiah Smalls | B204: 7774 | C204: UFA | D204: 3 | E204: 3000 | F204: 0 | G204: 0 | H204: 0 | I204: 0 | J204: 0 | K204: 0.05 | L204: 0 | M204: 0.05 | O204: 100.7
A205: Amy Okonkwo | B205: 7774 | C205: UFA | D205: 8 | E205: 157 | F205: 21.9 | G205: 3429 | H205: 0.5 | I205: 0.5 | J205: 0 | K205: 0.14 | L205: 0.14 | M205: 0 | N205: 120.6 | O205: 110.1
A206: Kaila Charles | B206: 6956 | C206: Hardship | D206: 35 | E206: 616 | F206: 14 | G206: 8608 | H206: 1.6 | I206: 0.8 | J206: 0.8 | K206: 0.11 | L206: 0.05 | M206: 0.05 | N206: 104.4 | O206: 100
A207: Christyn Williams | B207: 6802 | C207: Hardship | D207: 4 | E207: 45 | F207: 9 | G207: 400000 | H207: 0 | I207: 0.1 | J207: 0 | K207: 0.01 | L207: 0.05 | M207: -0.04 | N207: 102.3 | O207: 118.2
A208: Aari McDonald | B208: 6459 | C208: Hardship | D208: 20 | E208: 525 | F208: 14.1 | G208: 7383 | H208: 1.4 | I208: 0.9 | J208: 0.5 | K208: 0.11 | L208: 0.07 | M208: 0.04 | N208: 105.8 | O208: 102.8
A209: Haley Jones | B209: 5553 | C209: Hardship | D209: 28 | E209: 594 | F209: 11.4 | G209: 6789 | H209: 0.4 | I209: 0 | J209: 0.3 | K209: 0.03 | L209: 0 | M209: 0.02 | N209: 92.6 | O209: 105.6
A210: Serena Sundell | B210: 5136 | C210: UFA | D210: 3 | E210: 22 | F210: -9.1 | G210: -198 | H210: -0.1 | I210: -0.1 | J210: 0 | K210: -0.22 | L210: -0.14 | M210: -0.08 | N210: 0 | O210: 125.5
A211: Liatu King | B211: 4998 | C211: UFA | D211: 14 | E211: 136 | F211: 8.4 | G211: 1137 | H211: 0.1 | I211: 0.1 | J211: 0 | K211: 0.02 | L211: 0.02 | M211: -0.01 | N211: 98.5 | O211: 111.5
A212: Haley Jones | B212: 4998 | C212: Hardship | D212: 28 | E212: 594 | F212: 11.4 | G212: 6789 | H212: 0.4 | I212: 0 | J212: 0.3 | K212: 0.03 | L212: 0 | M212: 0.02 | N212: 92.6 | O212: 105.6
A213: Madison Scott | B213: 4442 | C213: UFA | D213: 9 | E213: 47 | F213: 8.5 | G213: 397000 | H213: 0.1 | I213: 0.1 | J213: 0 | K213: 0.06 | L213: 0.06 | M213: 0 | N213: 110.2 | O213: 110.7
A214: Bree Hall | B214: 4442 | C214: UFA | D214: 4 | E214: 17 | F214: -15 | G214: -261 | H214: -0.1 | I214: -0.1 | J214: 0 | K214: -0.24 | L214: -0.33 | M214: 0.09 | N214: 33.7 | O214: 92.2
A215: Alexis Prince | B215: 3975 | C215: UFA | D215: 1 | E215: 22 | F215: -1.4 | G215: -30 | H215: 0 | I215: -0.1 | J215: 0.1 | K215: 0 | L215: -0.17 | M215: 0.17 | N215: 40.5 | O215: 76.1
A216: Aerial Powers | B216: 3975 | C216: Hardship | D216: 10 | E216: 167 | F216: 16.4 | G216: 2736 | H216: 0.6 | I216: 0.3 | J216: 0.3 | K216: 0.15 | L216: 0.07 | M216: 0.08 | N216: 104.7 | O216: 94.6
... A220: Chloe Bibby | B220: 3887 | C220: UFA | D220: 14 | E220: 154 | F220: 14.8 | G220: 2279 | H220: 0.5 | I220: 0.3 | J220: 0.2 | K220: 0.13 | L220: 0.08 | M220: 0.05 | N220: 109.7 | O220: 99.2
A221: Kyra Lambert | B221: 3887 | C221: Hardship | D221: 1 | E221: 0 | F221: 0 | G221: 0 | H221: 0 | I221: 0 | J221: 0 | K221: -0.02 | L221: 0 | M221: -0.02 | O221: 113.5
A222: Amy Okonkwo | B222: 2915 | C222: UFA | D222: 8 | E222: 157 | F222: 21.9 | G222: 3429 | H222: 0.5 | I222: 0.5 | J222: 0 | K222: 0.14 | L222: 0.14 | M222: 0 | N222: 120.6 | O222: 110.1
A223: Ajae Petty | B223: 2915 | C223: Hardship | D223: 2 | E223: 6000 | F223: -0.9 | G223: -5 | H223: 0 | I223: 0 | J223: 0 | K223: 0.01 | L223: 0 | M223: 0.01 | O223: 107.5
A224: Shey Peddy | B224: 1987 | C224: Hardship | D224: 15 | E224: 265 | F224: 12.3 | G224: 3248 | H224: 0.6 | I224: 0.6 | J224: 0 | K224: 0.09 | L224: 0.09 | M224: 0 | N224: 121.7 | O224: 109.5
A225: Grace Berger | B225: 1666 | C225: Hardship | D225: 19 | E225: 418 | F225: 6 | G225: 2527 | H225: -0.3 | I225: -0.3 | J225: 0 | K225: -0.03 | L225: -0.03 | M225: 0 | N225: 82.1 | O225: 110.3
A226: Ajae Petty | B226: 1250 | C226: Hardship | D226: 2 | E226: 6000 | F226: -0.9 | G226: -5 | H226: 0 | I226: 0 | J226: 0 | K226: 0.01 | L226: 0 | M226: 0.01 | O226: 107.5
A227: Christyn Williams | B227: 833 | C227: Hardship | D227: 4 | E227: 45 | F227: 9 | G227: 400000 | H227: 0 | I227: 0.1 | J227: 0 | K227: 0.01 | L227: 0.05 | M227: -0.04 | N227: 102.3 | O227: 118.2
A228: Aerial Powers | C228: UFA | D228: 10 | E228: 167 | F228: 16.4 | G228: 2736 | H228: 0.6 | I228: 0.3 | J228: 0.3 | K228: 0.15 | L228: 0.07 | M228: 0.08 | N228: 104.7 | O228: 94.6
